<?xml version="1.0" encoding="UTF-8" ?>
<configuration>

    <logger name="org.springframework.beans.factory" level="warn"/>

    <springProfile name="local">
        <appender name="STDOUT" class="ch.qos.logback.core.ConsoleAppender">
            <encoder>
                <pattern>%d{yyyy/MM/dd HH:mm:ss.SSS} %magenta([%thread]) %highlight(%-5level) %logger{36} - %msg%n</pattern>
            </encoder>
        </appender>

        <root level="info">
            <appender-ref ref="STDOUT"/>
        </root>
    </springProfile>

    <springProfile name="dev">
        <appender name="systemLogAppender" class="ch.qos.logback.core.rolling.RollingFileAppender">
            <rollingPolicy class="ch.qos.logback.core.rolling.TimeBasedRollingPolicy">
                <fileNamePattern>${LOG_PATH}/system-%d{yyyy-MM-dd}.%i.log</fileNamePattern>
                <timeBasedFileNamingAndTriggeringPolicy class="ch.qos.logback.core.rolling.SizeAndTimeBasedFNATP">
                    <maxFileSize>100MB</maxFileSize>
                </timeBasedFileNamingAndTriggeringPolicy>
                <maxHistory>30</maxHistory>
            </rollingPolicy>
            <encoder>
                <pattern>%d{HH:mm:ss.SSS} [%thread] %-5level %logger{36} - %msg%n</pattern>
            </encoder>
        </appender>

        <root level="info">
            <appender-ref ref="systemLogAppender"/>
        </root>
    </springProfile>

    <springProfile name="production">
        <appender name="systemLogAppender" class="ch.qos.logback.core.rolling.RollingFileAppender">
            <rollingPolicy class="ch.qos.logback.core.rolling.TimeBasedRollingPolicy">
                <fileNamePattern>${LOG_PATH}/system-%d{yyyy-MM-dd}.%i.log</fileNamePattern>
                <timeBasedFileNamingAndTriggeringPolicy
                        class="ch.qos.logback.core.rolling.SizeAndTimeBasedFNATP">
                    <maxFileSize>100MB</maxFileSize>
                </timeBasedFileNamingAndTriggeringPolicy>
                <maxHistory>30</maxHistory>
            </rollingPolicy>
            <encoder>
                <pattern>%d{HH:mm:ss.SSS} [%thread] %-5level %logger{36} - %msg%n</pattern>
            </encoder>
        </appender>

        <root level="warn">
            <appender-ref ref="systemLogAppender"/>
        </root>
    </springProfile>

</configuration>
